Date,Ticker,Daily_Return_Percentage,Z_Score
2020-03-23,AXP,21.882229134536363,11.925562437195476
2020-11-08,AXP,21.387929016743985,11.655278184881885
2020-03-12,AXP,19.238587062118224,10.480013882363004
2020-04-05,AXP,13.953799264125704,7.590281779939397
2023-01-26,AXP,10.540154807262281,5.7236944446814375
2016-10-19,AXP,9.028574618308841,4.897159498649064
2020-04-28,AXP,8.991977512155833,4.87714813082341
2022-01-24,AXP,8.922149066260381,4.838965802699831
2018-04-18,AXP,7.588027977885801,4.109465833172047
2020-05-17,AXP,7.528577636547149,4.07695827252191
2020-04-16,AXP,7.424722090400916,4.020169860728441
2020-05-13,AXP,7.407398588575929,4.010697336709771
2020-05-26,AXP,7.326128202297511,3.966258533642914
2020-03-24,AXP,7.281350585640676,3.941774046986246
2020-03-03,AXP,7.11968682571103,3.853375993038903
2011-08-08,AXP,7.109709916680727,3.84792060004871
2024-01-25,AXP,7.103725578017496,3.844648352191666
2020-06-02,AXP,6.389427953594411,3.454069041369689
2015-08-06,AXP,6.2933428258004325,3.401529509232333
2024-04-18,AXP,6.225285853275342,3.3643158261447703
2010-05-09,AXP,6.13305455987647,3.3138835780450426
2022-11-09,AXP,6.094895008159543,3.293017861988783
2017-04-19,AXP,5.916588064286376,3.1955192831449812
2010-05-26,AXP,5.6588802933422295,3.0546041797941497
2020-05-25,AXP,5.586005749701604,3.014756239582098
2011-11-29,AXP,5.466539503587986,2.9494318671102833
2021-10-21,AXP,5.415024198564179,2.921263199533889
2022-03-08,AXP,5.373333170199179,2.8984664652742542
2011-08-10,AXP,5.303776020481974,2.8604324824211975
2020-04-07,AXP,5.138154864276494,2.769870516601247
2013-10-16,AXP,5.123136287415197,2.761658329972809
2020-03-09,AXP,5.09712551066005,2.7474355873629976
2010-06-09,AXP,5.038059952555903,2.7151384269233754
2010-07-21,AXP,4.957466081626952,2.6710695437469414
2010-07-06,AXP,4.947752676791109,2.6657582353555935
2011-10-20,AXP,4.914511462380449,2.6475818755701503
2022-06-16,AXP,4.858219472870589,2.6168013077566754
2018-12-25,AXP,4.849130034408656,2.611831185375143
2011-10-09,AXP,4.651119190761674,2.5035584763494327
2010-06-01,AXP,4.5419774810369695,2.4438795801741353
2019-01-03,AXP,4.506033908872517,2.424225565986687
2020-03-18,AXP,4.501706207219533,2.42185917042373
2021-12-01,AXP,4.471544586785252,2.4053667385302173
2020-04-06,AXP,4.423511811856344,2.3791023250880587
2022-07-14,AXP,4.396260508225012,2.3642012600034272
2021-01-27,AXP,4.277341514997464,2.2991761264591664
2010-06-14,AXP,4.261754933364626,2.290653353732404
2021-06-20,AXP,4.254910097862419,2.2869105845536586
2010-09-19,AXP,4.230074098503572,2.273330212476979
2021-04-25,AXP,4.164078066913269,2.237243455844763
2011-12-19,AXP,4.0834040077353695,2.19313072558003
2011-08-22,AXP,4.080691034805507,2.191647266779393
2023-05-25,AXP,4.077314184188973,2.1898007983865857
2011-09-06,AXP,3.9949861368499824,2.1447836642235636
2023-03-13,AXP,3.984002649625381,2.138777872346443
2020-05-19,AXP,3.9766207578350095,2.134741439759432
2010-11-03,AXP,3.945819260703355,2.1178991220607233
2010-06-24,AXP,3.921094227187827,2.1043794263199667
2022-10-12,AXP,3.912800492070232,2.0998443960530153
2021-12-06,AXP,3.902138388823586,2.094014337551349
2022-10-03,AXP,3.8851648500632727,2.0847331740075563
2015-10-04,AXP,3.883900745110491,2.084041958995239
2022-11-03,AXP,3.8834182472304213,2.0837781282291443
2022-07-18,AXP,3.829119442407071,2.054087437624524
2018-02-08,AXP,3.8261807856128724,2.0524805744540813
2021-09-30,AXP,3.8261736851583836,2.0524766919119504
2022-10-24,AXP,3.80569105143787,2.0412767485146324
2022-10-02,AXP,3.7877073481141124,2.0314432250503858
2022-05-22,AXP,3.7849062893646632,2.029911600754679
2020-09-13,AXP,3.7828976416155307,2.028813268313529
2018-10-18,AXP,3.7825820548373428,2.0286407048580246
2021-01-18,AXP,3.765856874729734,2.019495344301801
2013-07-17,AXP,-3.63279441159566,-2.02610136723573
2020-10-22,AXP,-3.6358268832762954,-2.0277595285659826
2011-11-15,AXP,-3.6636317572873494,-2.0429632869958114
2022-05-08,AXP,-3.6673517708511154,-2.044997397546239
2019-08-22,AXP,-3.6885552800465278,-2.056591517035633
2020-07-06,AXP,-3.6964301638453203,-2.0608975185982445
2023-03-09,AXP,-3.729958051794185,-2.079230632024123
2016-10-05,AXP,-3.760124178083263,-2.095725527727679
2015-01-21,AXP,-3.7641389231792903,-2.097920798045145
2014-04-09,AXP,-3.7872070399521762,-2.1105344885336046
2023-05-01,AXP,-3.809944386324484,-2.1229673131327194
2022-09-21,AXP,-3.8195231654298896,-2.1282050079164967
2020-03-19,AXP,-3.8277194761634292,-2.1326867663434186
2022-05-04,AXP,-3.829714390263493,-2.1337775891989215
2022-05-11,AXP,-3.839644580249931,-2.1392074361263376
2022-03-03,AXP,-3.8579045524184954,-2.149192023924717
2010-05-19,AXP,-3.8586219136559268,-2.149584278425007
2020-04-19,AXP,-3.8676931387739533,-2.154544441715164
2023-07-20,AXP,-3.8902494171877464,-2.1668782580073347
2020-06-09,AXP,-3.89280348795567,-2.168274828801101
2011-09-29,AXP,-3.8955524317228556,-2.169777956524566
2021-01-24,AXP,-3.9559166068923526,-2.202785203265841
2020-06-23,AXP,-3.9630078532625457,-2.206662710379736
2016-06-26,AXP,-3.979374258834124,-2.2156118923316472
2020-04-02,AXP,-3.991656366209442,-2.2223277721975054
2022-04-28,AXP,-3.994950929748714,-2.2241292458586663
2020-10-25,AXP,-4.0602313259899105,-2.259824691709638
2022-06-09,AXP,-4.075045230510529,-2.267924963109699
2016-06-13,AXP,-4.083543042422883,-2.2725715829593764
2010-09-06,AXP,-4.090828814721635,-2.2765554572240445
2020-03-04,AXP,-4.114073062987777,-2.2892654567507784
2021-01-25,AXP,-4.127108611147907,-2.2963933194826227
2011-08-03,AXP,-4.134244541891135,-2.300295260097384
2011-11-08,AXP,-4.148799158201235,-2.308253752206703
2020-11-10,AXP,-4.1655791717588135,-2.317429095798523
2018-12-03,AXP,-4.200761185081479,-2.3366666881508635
2021-07-18,AXP,-4.235046850593787,-2.3554141558016
2018-12-16,AXP,-4.276252729039389,-2.3779456091549505
2012-05-31,AXP,-4.29877316663185,-2.3902598276172853
2010-05-05,AXP,-4.343925585669127,-2.414949256934327
2022-09-12,AXP,-4.370574244907258,-2.429520794909083
2015-04-16,AXP,-4.437039931335378,-2.4658643597072607
2010-05-06,AXP,-4.470637235956509,-2.484235430302653
2020-06-25,AXP,-4.5273136464583414,-2.515226200251731
2011-09-08,AXP,-4.542680401969133,-2.5236287716334047
2018-12-20,AXP,-4.6360962752725605,-2.574708750296577
2020-05-10,AXP,-4.6591976391403325,-2.587340620360277
2010-07-15,AXP,-4.7202498532706585,-2.620724088124765
2020-04-12,AXP,-4.735282877060223,-2.6289441743612847
2010-06-28,AXP,-4.796897376004252,-2.6626351005401823
2020-02-26,AXP,-4.801704491784432,-2.665263640667248
2018-02-04,AXP,-4.8303794402990725,-2.6809431575041542
2023-03-12,AXP,-4.870234089128945,-2.7027357559124106
2020-03-26,AXP,-4.888003461988222,-2.7124520830676646
2020-02-23,AXP,-4.9740399446145345,-2.7594969967573504
2016-06-23,AXP,-5.043454627943747,-2.79745307871625
2020-04-29,AXP,-5.066612274892263,-2.8101157244764328
2010-05-13,AXP,-5.068939581108983,-2.811388299978742
2020-09-20,AXP,-5.0947472971351955,-2.825500008592569
2020-03-02,AXP,-5.146220055814229,-2.853645411746052
2020-03-30,AXP,-5.162287358289102,-2.8624310435511027
2020-04-14,AXP,-5.204184448011757,-2.8853404525562607
2015-10-21,AXP,-5.241149330069432,-2.905552920951859
2010-06-03,AXP,-5.254104255541682,-2.9126366990433628
2022-06-12,AXP,-5.264867901046475,-2.918522281046509
2023-10-19,AXP,-5.3802988122755036,-2.981640124664987
2018-02-07,AXP,-5.6297630060989166,-3.118047624237737
2020-02-24,AXP,-5.686876417589189,-3.1492773471653184
2022-06-15,AXP,-5.963638588062168,-3.3006114327185747
2020-05-12,AXP,-6.14624625365744,-3.4004616544473896
2015-02-11,AXP,-6.429475599618788,-3.555332003959597
2010-10-03,AXP,-6.534231434200924,-3.6126126951962756
2024-08-01,AXP,-6.594818392915916,-3.6457417604074522
2020-03-22,AXP,-6.961626345927286,-3.8463130525308347
2020-06-10,AXP,-7.1213335480185105,-3.9336412569000956
2011-08-09,AXP,-7.158383657384085,-3.953900327751091
2020-03-10,AXP,-7.666982489710457,-4.232003144592094
2022-03-06,AXP,-7.9907517326348225,-4.40904078750584
2010-01-21,AXP,-8.467747071770534,-4.669862753665106
2022-02-28,AXP,-8.471247752725485,-4.671776932724425
2021-11-25,AXP,-8.618369620910855,-4.752223452379442
2011-08-07,AXP,-8.832870951352305,-4.869513191207686
2020-03-31,AXP,-9.076045187233259,-5.002481329715433
2020-03-08,AXP,-9.192513638266048,-5.066166502088267
2016-01-21,AXP,-12.10087261059601,-6.656462765432296
2020-03-11,AXP,-12.423973924767996,-6.833135183623375
2020-03-15,AXP,-13.78515259910256,-7.577430293041608
2020-03-17,AXP,-14.818661794266172,-8.142555102887096
2020-03-23,MA,16.610934060012625,9.521292116664803
2011-08-02,MA,13.394118262177724,7.666651533334987
2020-04-05,MA,12.19676869754564,6.976325063136236
2020-03-12,MA,11.805386529347832,6.750675446139259
2011-06-28,MA,11.310792070920872,6.465519250529283
2011-08-08,MA,10.566523681120596,6.0364146802451595
2020-11-08,MA,9.858412430969922,5.628156345115814
2014-10-29,MA,9.395978378581265,5.361542085993202
2022-01-27,MA,9.123329089540782,5.20434737288254
2020-03-24,MA,8.187472521959329,4.664783506160511
2011-08-10,MA,7.796912085945704,4.439607655133734
2020-04-28,MA,7.214650421543076,4.103907328852974
2020-03-09,MA,7.083682527941393,4.028398382785752
2011-11-01,MA,6.987699243775614,3.973059654887516
2022-11-09,MA,6.8527420572872515,3.8952507000689685
2018-12-25,MA,6.744950402215647,3.833103909390235
2016-01-28,MA,6.71223399397425,3.8142414123501123
2012-02-01,MA,6.6970689816977655,3.805498093185368
2011-10-26,MA,6.105237926128622,3.464280577755287
2013-07-31,MA,5.8580492370351545,3.321765058265051
2020-03-01,MA,5.681313310822818,3.219868760221999
2015-08-25,MA,5.6323133470376066,3.1916180529608282
2011-08-22,MA,5.356203984782536,3.032428450304615
2020-04-16,MA,5.35338033343672,3.0308004869059486
2018-10-30,MA,5.294869147566358,2.997066127615944
2010-09-14,MA,5.221549030421653,2.954793746050736
2022-04-26,MA,5.073978550809957,2.8697126541916664
2018-11-25,MA,5.06567512433041,2.864925351250656
2018-10-11,MA,4.992018994654999,2.8224592431822475
2011-09-06,MA,4.984500598509343,2.8181245459258273
2010-06-09,MA,4.94216428160504,2.7937157341025705
2022-03-28,MA,4.867477342763673,2.7506553176767676
2010-07-19,MA,4.835821428215274,2.7324042434737015
2021-02-23,MA,4.8227865668239085,2.7248890531569985
2018-11-27,MA,4.819154526958855,2.7227950170177415
2022-04-27,MA,4.773623811586724,2.69654448922127
2020-04-07,MA,4.743273507048528,2.679046158558121
2019-01-03,MA,4.735619715708004,2.674633399815134
2011-11-29,MA,4.716556510755889,2.663642595313265
2020-04-21,MA,4.7116296197133245,2.660802018590366
2010-11-30,MA,4.708279375514697,2.6588704504666887
2023-01-05,MA,4.689645909412546,2.64812740995302
2011-10-09,MA,4.607375829057818,2.6006949676221973
2018-11-06,MA,4.564430659360632,2.575935124477932
2021-12-01,MA,4.544849146996334,2.5646454921843316
2020-04-01,MA,4.4923847929705865,2.534397406415844
2022-03-08,MA,4.3903140965209735,2.4755490085275955
2018-12-02,MA,4.371603885114285,2.464761720856079
2011-06-30,MA,4.357216353614754,2.4564666547130547
2018-10-24,MA,4.348705905544021,2.4515599944109865
2022-06-23,MA,4.337684694880049,2.4452057653038715
2020-08-04,MA,4.329032520009638,2.440217393057151
2010-06-20,MA,4.2378267125962275,2.3876330977493114
2011-12-19,MA,4.228662302173928,2.38234939841442
2010-05-11,MA,4.201742933202796,2.366829158118071
2021-12-20,MA,4.070984900350932,2.291441206315962
2010-05-20,MA,4.06334728566263,2.2870377741485703
2012-05-20,MA,4.060266056835028,2.285261305619025
2020-11-03,MA,3.998119832996931,2.2494311816472363
2021-02-01,MA,3.9837123732769606,2.2411246259789475
2021-11-04,MA,3.9829386391584696,2.2406785330762
2010-10-12,MA,3.9436716107063523,2.2180393056131043
2020-05-17,MA,3.9291464115540133,2.2096648678081774
2015-04-21,MA,3.9079443201170196,2.1974408979877778
2022-11-29,MA,3.867338810175843,2.174029975082464
2013-01-01,MA,3.865419167197289,2.1729232136148267
2021-11-09,MA,3.8561003648183094,2.167550500296359
2011-11-27,MA,3.7695348187017017,2.117641526629285
2010-07-06,MA,3.7694701232534875,2.117604226761541
2022-10-12,MA,3.7334942282853847,2.0968624874072512
2010-02-28,MA,3.7304745465562767,2.0951215035786737
2018-10-15,MA,3.724044316139161,2.0914141833461097
2022-10-03,MA,3.714536771842505,2.0859326517295798
2016-02-29,MA,3.6585561863357965,2.0536572986213337
2014-01-27,MA,3.655428149521504,2.051853843158997
2022-05-22,MA,3.643873838970112,2.045192257725529
2014-04-13,MA,3.640069996157997,2.0429991693750225
2024-07-30,MA,3.6339208413125537,2.039453901990669
2015-02-11,MA,3.6230405435101822,2.033180915555892
2010-08-08,MA,3.601365050790997,2.020684008369684
2022-05-12,MA,3.5985677304035626,2.019071225965854
2021-09-30,MA,3.595274850541196,2.017172730990517
2011-09-29,MA,-3.413837478035737,-2.0238992465984538
2012-01-19,MA,-3.4684020395295287,-2.0553581974734443
2021-02-24,MA,-3.4710708496957605,-2.0568968878911016
2018-02-04,MA,-3.494575535791632,-2.0704484082365227
2014-04-10,MA,-3.4986381161676516,-2.072790670558001
2024-02-19,MA,-3.499030126550997,-2.073016682369597
2020-10-25,MA,-3.5041129753858917,-2.0759471758515273
2021-12-19,MA,-3.5183884495867868,-2.0841776358663897
2010-11-11,MA,-3.530771126503448,-2.0913168121771246
2010-08-01,MA,-3.580283016762795,-2.1198626683290875
2015-08-31,MA,-3.5942101361006085,-2.127892285924901
2011-09-20,MA,-3.6208849680230024,-2.1432715394930018
2012-05-31,MA,-3.6234952891277215,-2.144776508307067
2022-04-21,MA,-3.638456881239238,-2.1534025464967335
2019-06-02,MA,-3.6701351328898566,-2.171666499054948
2022-06-08,MA,-3.678959179390288,-2.176753963111766
2022-08-25,MA,-3.68758362886306,-2.1817263504060107
2021-01-26,MA,-3.725963833701723,-2.203854283730078
2011-10-31,MA,-3.7265325942471277,-2.2041822000473297
2017-11-28,MA,-3.787507634488241,-2.2393370834190947
2010-05-17,MA,-3.7948919626284967,-2.243594484374027
2022-09-12,MA,-3.8354536642946377,-2.2669801498167215
2020-03-22,MA,-3.8407160611897146,-2.270014160919803
2020-03-04,MA,-3.8463899457164503,-2.273285413353807
2020-03-10,MA,-3.852855418663955,-2.277013052507698
2011-10-24,MA,-3.8686092300842625,-2.286095841152883
2019-09-09,MA,-3.8925535919214536,-2.299900854556223
2022-11-01,MA,-4.012702695773139,-2.3691722763777725
2010-06-28,MA,-4.032694001859192,-2.380698173386211
2020-04-15,MA,-4.036728991459147,-2.3830245283706732
2014-12-11,MA,-4.059735155196305,-2.3962886279073583
2010-11-15,MA,-4.062926856864622,-2.398128789053025
2022-04-28,MA,-4.07834501808736,-2.4070180600965387
2022-06-09,MA,-4.0831096053884055,-2.4097650613321346
2020-02-26,MA,-4.100161885113553,-2.419596475999346
2015-08-20,MA,-4.103225925216038,-2.4213630344472508
2022-05-04,MA,-4.111037131950996,-2.4258665503231627
2010-04-26,MA,-4.112423147785287,-2.4266656514769007
2018-12-20,MA,-4.115826575449173,-2.428627882286672
2016-02-04,MA,-4.135314360712431,-2.4398634766445397
2017-12-03,MA,-4.181954101128489,-2.4667534078087083
2020-03-17,MA,-4.182781840182697,-2.467230637012623
2020-06-23,MA,-4.19381256761865,-2.473590352971534
2024-08-04,MA,-4.33314347641341,-2.5539209575827493
2016-06-29,MA,-4.417680288201247,-2.602660273658156
2020-02-23,MA,-4.424514004727826,-2.60660022198025
2016-06-23,MA,-4.430002000070827,-2.6097643008470306
2021-10-03,MA,-4.436665052627312,-2.6136058536298896
2018-12-03,MA,-4.464881251792244,-2.629873775502762
2022-06-12,MA,-4.483925721931727,-2.6408537785332338
2019-01-02,MA,-4.511467960957667,-2.6567331317394878
2022-02-28,MA,-4.528558239069938,-2.666586454204748
2020-03-30,MA,-4.615982893449457,-2.7169907428509834
2021-11-25,MA,-4.65587175666627,-2.7399884863321566
2020-09-02,MA,-4.67425871059503,-2.7505894013684
2014-01-23,MA,-4.674605331422783,-2.750789244037232
2019-08-04,MA,-4.679935934664817,-2.7538625792008307
2011-08-03,MA,-4.688783282759654,-2.758963477686399
2011-09-08,MA,-4.7024362639999016,-2.7668350422032875
2011-10-18,MA,-4.742772002176866,-2.790090429419402
2019-10-21,MA,-4.753886756303796,-2.7964985905865447
2020-03-02,MA,-4.80535943309387,-2.8261749293348633
2018-02-07,MA,-4.806511507121961,-2.826839152399465
2018-11-18,MA,-4.903525076639846,-2.882771886652591
2014-04-24,MA,-4.9630146826397885,-2.9170703496382724
2020-04-14,MA,-5.016224733628084,-2.947748363614193
2022-06-15,MA,-5.104652070455589,-2.998730744285927
2014-01-30,MA,-5.115361063091409,-3.0049049655025533
2010-05-04,MA,-5.2974824412491435,-3.1099062214807875
2020-03-31,MA,-5.360994054886295,-3.1465235547590886
2022-03-06,MA,-5.393623949448977,-3.16533617272946
2021-11-21,MA,-5.422131598495699,-3.1817721287120686
2022-05-08,MA,-5.511073662264843,-3.233051272871453
2021-07-18,MA,-5.5977565230214825,-3.2830278837630673
2021-01-13,MA,-5.601590445103484,-3.285238314180435
2023-10-25,MA,-5.62243141995933,-3.297254083871017
2020-03-26,MA,-5.900923941915904,-3.4578176864627994
2011-08-09,MA,-5.916809147650832,-3.4669762299051596
2021-10-26,MA,-6.044994973356183,-3.540881187323237
2018-10-09,MA,-6.230926203715056,-3.6480789963380102
2011-08-17,MA,-6.532399344614466,-3.821891970730972
2020-02-24,MA,-6.708315856053476,-3.923315838896561
2010-07-15,MA,-6.888223973260168,-4.027041049294547
2020-03-19,MA,-6.924937438794328,-4.0482080316191675
2020-06-10,MA,-6.993457751420901,-4.087713107621723
2020-10-27,MA,-8.113891317821913,-4.733694007296143
2010-05-13,MA,-8.548876517625272,-4.984482754742025
2020-03-08,MA,-8.710496061956544,-5.077663771254626
2010-02-03,MA,-10.28752970418613,-5.9868953772806845
2010-12-15,MA,-10.324181246338116,-6.008026657959686
2020-03-11,MA,-10.47599532920214,-6.095554380059944
2011-08-07,MA,-10.589830365409421,-6.161185454769582
2020-03-15,MA,-12.72546142519882,-7.3924738727047785
2011-06-28,V,14.9973440589134,9.428680450724421
2020-03-23,V,13.842670489978026,8.698671628281518
2020-04-05,V,11.583796243412214,7.27056400276229
2022-01-27,V,10.599075658402308,6.648003017529759
2014-10-29,V,10.244078010488728,6.423566066779831
2020-03-12,V,9.838823825009456,6.167355880030212
2016-01-28,V,7.442640781132785,4.652438756023572
2020-11-08,V,7.15974582591346,4.473586638255684
2018-12-25,V,6.9826766844677675,4.361639817166735
2020-03-09,V,6.702486123274793,4.184497473963462
2011-08-10,V,6.609478040880271,4.125695815613302
2022-04-26,V,6.469412795684665,4.037143633021389
2020-04-28,V,6.154747020893534,3.838205337473365
2022-11-09,V,6.002175091256923,3.741746166943847
2020-03-01,V,5.815370872283094,3.623644625876977
2013-05-01,V,5.6498726865778925,3.5190132054362335
2015-08-25,V,5.554721167239968,3.4588564213422006
2010-06-20,V,5.010330674888036,3.1146813462711016
2011-11-27,V,4.9988132355779955,3.107399779831478
2011-08-22,V,4.988105958548869,3.1006304149599764
2010-06-09,V,4.945813081051862,3.0738919717064612
2018-04-25,V,4.842820065178517,3.0087776292114947
2018-10-11,V,4.733431070218897,2.939619614732725
2014-01-16,V,4.694030192435573,2.914709554289979
2020-03-24,V,4.691612148127304,2.9131808160165975
2011-08-02,V,4.691262231087805,2.912959591132933
2018-10-24,V,4.662614019215558,2.8948475913638245
2020-03-03,V,4.60882463787552,2.8608408175115585
2022-10-25,V,4.604364135539939,2.8580207944807174
2017-02-02,V,4.59294973667868,2.8508043723716674
2012-06-21,V,4.578166873966174,2.8414583368414337
2022-06-23,V,4.510762584991677,2.798843933129706
2010-05-09,V,4.496279298600475,2.789687296026379
2011-08-08,V,4.442239480670665,2.7555221909150336
2011-06-30,V,4.403078286475373,2.7307636634583763
2020-03-25,V,4.388733568992823,2.7216946325223277
2020-04-16,V,4.383680248224024,2.7184998172575607
2011-11-29,V,4.381041595216854,2.716831605542647
2015-05-07,V,4.340649979304409,2.691295179697205
2019-01-03,V,4.308119184394768,2.6707285295858543
2020-05-17,V,4.299952375613434,2.6655653019672685
2022-05-22,V,4.285782728433092,2.656606954144264
2021-12-01,V,4.275326821557851,2.649996510750635
2010-06-14,V,4.269508398500286,2.646317981788857
2015-07-23,V,4.25087815406741,2.6345395509265255
2013-07-24,V,4.208802462294522,2.607938417038169
2022-03-08,V,4.199053165897902,2.601774707593685
2010-05-18,V,4.10905575518793,2.544876458960634
2015-04-21,V,4.070411150858521,2.5204445304405287
2018-11-27,V,4.0247160052116335,2.491555101979983
2021-02-03,V,3.9183362161253767,2.4242995705017796
2020-03-16,V,3.868173698334148,2.3925857757733615
2018-10-30,V,3.8340295796341817,2.3709991485601876
2019-01-31,V,3.8071274644283637,2.3539910676869673
2022-11-29,V,3.7979370129868206,2.3481806717317317
2021-11-04,V,3.7790863103288066,2.3362628625605337
2020-04-21,V,3.7749696180346834,2.333660203441244
2020-04-07,V,3.7665720028819654,2.328351055198926
2012-02-08,V,3.756373065324276,2.3219030731917494
2012-07-25,V,3.7398037840384326,2.311427626411274
2012-10-31,V,3.6898321883209637,2.279834536617994
2010-10-12,V,3.6228626597370446,2.237494997534079
2010-08-08,V,3.604154806498909,2.22566750075904
2022-10-12,V,3.6018867978683455,2.2242336181845785
2015-11-02,V,3.5629192505995952,2.199597518372077
2010-07-06,V,3.528491188980191,2.1778313764962
2011-10-09,V,3.4782664438928843,2.146078240367445
2012-02-01,V,3.4630686673163296,2.1364698875992856
2021-09-30,V,3.461291340242762,2.1353462241856795
2021-02-23,V,3.4510395354601515,2.1288648184112593
2010-01-26,V,3.401085837605096,2.097283044021584
2013-09-09,V,3.382815270717579,2.0857320088392184
2010-07-19,V,3.3417571896818488,2.059774229779381
2020-04-13,V,3.3315781652365213,2.0533388372590493
2022-03-28,V,3.3292497393308174,2.0518667576174106
2018-10-15,V,3.286455832088108,2.0248115528613297
2022-11-02,V,-3.0853392191336857,-2.003570777288186
2017-11-28,V,-3.087525299074953,-2.0049528628287447
2021-07-18,V,-3.1073798751939266,-2.0175053418346325
2022-04-05,V,-3.1314928591711193,-2.0327500755085874
2011-03-09,V,-3.1339026789478392,-2.034273614060808
2020-04-19,V,-3.1378933901094737,-2.036796625268643
2019-10-21,V,-3.1570526328612916,-2.0489094999515265
2010-04-26,V,-3.177139401355388,-2.0616087758417496
2022-06-09,V,-3.2021668513843125,-2.0774316541130595
2021-11-08,V,-3.220120532978045,-2.0887823477734675
2018-06-24,V,-3.251317108865696,-2.1085054766652047
2015-08-31,V,-3.2818932960218437,-2.1278363828028013
2010-05-16,V,-3.300582725518168,-2.139652231702262
2022-08-25,V,-3.3028431932486257,-2.141081346761684
2022-02-28,V,-3.308337714298303,-2.1445550980878365
2020-06-23,V,-3.3136287605091184,-2.147900208357754
2022-03-03,V,-3.348943193987877,-2.17022673309395
2016-06-29,V,-3.348946335556046,-2.1702287192591667
2022-09-12,V,-3.368358109517386,-2.182501249463622
2010-01-20,V,-3.397393529137334,-2.200858050083417
2014-04-03,V,-3.3998402708839555,-2.2024049314785805
2022-04-28,V,-3.4124949326276584,-2.2104054737673
2011-09-21,V,-3.4128217280496975,-2.2106120806799723
2020-03-02,V,-3.4315825947061307,-2.222473093648771
2022-06-08,V,-3.461374459190928,-2.24130813456079
2011-10-31,V,-3.463413683287571,-2.2425973747595247
2018-09-04,V,-3.4709274217677435,-2.247347717650903
2020-09-02,V,-3.473746064448733,-2.249129722608662
2021-01-26,V,-3.4849746828859725,-2.256228690441266
2018-10-23,V,-3.493370392027411,-2.261536633663319
2018-12-20,V,-3.4948612779349415,-2.2624792029703804
2013-10-30,V,-3.5079584631750165,-2.270759517885044
2020-04-02,V,-3.519915916968006,-2.278319270699759
2020-03-19,V,-3.559930292929261,-2.3036171975443094
2021-01-13,V,-3.577736170233165,-2.3148744462359643
2014-07-24,V,-3.578151528232296,-2.3151370442653945
2019-01-02,V,-3.603658221546212,-2.3312629101823497
2022-06-15,V,-3.6245897863805476,-2.344496284018636
2022-06-12,V,-3.6338874294484125,-2.350374448765859
2022-11-08,V,-3.6755610043140616,-2.3767213559205005
2015-08-20,V,-3.7322268828487397,-2.4125467115661947
2011-10-24,V,-3.747014560860009,-2.4218957914291943
2020-03-04,V,-3.7727175716719277,-2.438145773381536
2024-08-04,V,-3.803730087747945,-2.457752535804027
2022-04-21,V,-3.8253615417384514,-2.471428394228583
2018-02-01,V,-3.8259601231404865,-2.4718068299321376
2010-09-12,V,-3.8331710187855297,-2.476365709238131
2018-02-04,V,-3.8375872278066088,-2.479157729107532
2020-02-26,V,-3.845968382663137,-2.48445647080573
2018-11-18,V,-3.8664615216622775,-2.4974126626433204
2011-06-07,V,-3.896303928423111,-2.516279657441187
2022-01-20,V,-3.9281553268170786,-2.5364167788409424
2015-08-23,V,-3.9752754724181787,-2.5662071221284504
2024-07-23,V,-4.010734154995655,-2.588624844167093
2010-05-05,V,-4.061135221433677,-2.620489454347969
2016-06-23,V,-4.064955841966811,-2.62290493069681
2011-10-18,V,-4.078342411521121,-2.631368200437973
2010-09-07,V,-4.125912475546305,-2.66144299157966
2011-08-09,V,-4.204949551211986,-2.7114118867620736
2022-04-25,V,-4.215295224966835,-2.7179526384674397
2010-07-28,V,-4.256438108668119,-2.7439640315491847
2016-11-13,V,-4.274574880073163,-2.755430478424313
2022-05-04,V,-4.325940322943545,-2.787904787590876
2020-03-26,V,-4.33448948825685,-2.7933097490199224
2010-10-27,V,-4.341854197682715,-2.7979658726207837
2018-12-03,V,-4.3861885385299555,-2.825994971776068
2011-08-17,V,-4.40530216171699,-2.8380790048142965
2020-01-30,V,-4.437844668351527,-2.858653059323505
2010-12-14,V,-4.588295949063856,-2.953771511172282
2021-11-16,V,-4.70303021172675,-3.0263089158845236
2012-05-02,V,-4.730302518680286,-3.04355103973673
2018-10-09,V,-4.771297835934108,-3.0694691382186483
2022-03-06,V,-4.7880525181690965,-3.0800617993636044
2020-02-23,V,-4.798654649514137,-3.086764688930665
2019-08-04,V,-4.824715124220836,-3.103240667046697
2020-10-27,V,-4.83533721210691,-3.1099561735571197
2018-02-07,V,-4.83910884062245,-3.11234067612598
2022-05-08,V,-4.841721821941106,-3.1139926576615546
2015-09-27,V,-4.937075669642036,-3.1742773579857655
2020-04-14,V,-4.959338319419454,-3.1883522716113157
2020-03-31,V,-4.971428236177602,-3.195995770287904
2011-08-07,V,-4.9994089082308655,-3.21368573739748
2014-04-24,V,-4.99998117190459,-3.2140475344818005
2010-06-28,V,-5.012010493289603,-3.221652723493927
2010-07-15,V,-5.087697326707151,-3.269503525334416
2020-02-24,V,-5.226616752521986,-3.357331296907152
2016-02-07,V,-5.269766662555367,-3.384611574086293
2020-03-10,V,-5.284758091554882,-3.394089469592954
2020-06-10,V,-5.786100088706613,-3.7110483840672424
2020-03-17,V,-5.9598505746736485,-3.82089708163172
2010-05-17,V,-6.183906271556839,-3.9625497875078306
2021-03-18,V,-6.235855024040739,-3.995392877233281
2021-10-26,V,-6.919173136652761,-4.427400904577092
2020-03-08,V,-7.176177425929392,-4.5898844008873025
2020-03-11,V,-7.44145329996288,-4.757597366383041
2013-07-30,V,-7.537608692856883,-4.818388820371899
2020-03-22,V,-7.552971391575094,-4.828101440373382
2010-05-13,V,-9.879824774668371,-6.299186900271252
2010-12-15,V,-12.67220633685595,-8.064589028513714
2020-03-15,V,-13.547173493418219,-8.617761596780916
