Date,Ticker,Volume,Avg_Volume,Volume_Status
2010-01-14,MA,19419000,11312300,Spike
2010-01-20,AXP,16974300,10233330,Spike
2010-01-20,V,28140800,18232707,Spike
2010-01-21,AXP,26170800,11371721,Spike
2010-01-21,V,29776400,19057257,Spike
2010-02-02,V,32197600,18239880,Spike
2010-02-03,MA,108380000,17232200,Spike
2010-02-03,V,66486800,20751520,Spike
2010-02-04,MA,58136000,19575350,Spike
2010-02-04,V,38687200,21293820,Spike
2010-03-04,MA,32910000,19037500,Spike
2010-03-07,MA,29561000,17608750,Spike
2010-03-07,V,31258400,16779660,Spike
2010-03-08,V,36690800,17415860,Spike
2010-03-09,V,28438800,17939400,Spike
2010-03-10,V,55125200,19967020,Spike
2010-04-13,AXP,14091700,8284220,Spike
2010-04-15,AXP,18333300,8954025,Spike
2010-04-22,AXP,17470200,9551400,Spike
2010-04-27,MA,17995000,9064900,Spike
2010-04-28,MA,14089000,9302700,Spike
2010-04-28,V,29408000,15268440,Spike
2010-04-29,MA,16675000,9577050,Spike
2010-04-29,V,25059600,15648200,Spike
2010-05-02,MA,16928000,10050600,Spike
2010-05-02,V,31020000,16431040,Spike
2010-05-03,MA,29370000,10819500,Spike
2010-05-03,V,30622800,17271500,Spike
2010-05-04,MA,25627000,11709300,Spike
2010-05-04,V,37174400,18392700,Spike
2010-05-05,AXP,22510800,11914730,Spike
2010-05-05,MA,34273000,13102850,Spike
2010-05-05,V,63938000,21051100,Spike
2010-05-06,AXP,30788700,13123455,Spike
2010-05-06,MA,29304000,14319750,Spike
2010-05-06,V,45519200,22848700,Spike
2010-05-09,MA,29826000,15484200,Spike
2010-05-10,MA,29271000,16591200,Spike
2010-05-10,V,47244000,25928280,Spike
2010-05-11,MA,29123000,17464300,Spike
2010-05-13,AXP,27485400,13915465,Spike
2010-05-13,MA,101983000,22777050,Spike
2010-05-13,V,169829200,35031360,Spike
2010-05-16,V,90552000,38929640,Spike
2010-05-17,MA,70828000,27178650,Spike
2010-05-17,V,189331200,47941680,Spike
2010-05-18,MA,91584000,31506100,Spike
2010-05-18,V,131631200,53954960,Spike
2010-05-19,MA,51156000,33632000,Spike
2010-05-19,V,101612800,58302680,Spike
2010-06-20,MA,53737000,24592000,Spike
2010-06-20,V,115862800,38772440,Spike
2010-06-24,AXP,23429700,11522620,Spike
2010-07-15,MA,28878000,16844400,Spike
2010-07-28,V,58866800,22050240,Spike
2010-08-01,MA,29181000,13458050,Spike
2010-08-01,V,53846800,23823760,Spike
2010-08-02,MA,31650000,14223250,Spike
2010-08-03,AXP,15944000,9529720,Spike
2010-08-30,MA,18184000,11407650,Spike
2010-09-01,AXP,11712500,7756360,Spike
2010-09-07,MA,21383000,9875500,Spike
2010-09-07,V,45012000,19534100,Spike
2010-09-08,MA,21207000,10105350,Spike
2010-09-08,V,53064000,21031620,Spike
2010-09-12,MA,39157000,11824300,Spike
2010-09-12,V,60549200,23666480,Spike
2010-09-13,MA,22223000,12635150,Spike
2010-09-13,V,39616000,25112240,Spike
2010-09-14,MA,45712000,14540100,Spike
2010-09-14,V,43076400,26599360,Spike
2010-09-16,AXP,29144100,9075140,Spike
2010-10-03,AXP,38499800,11641765,Spike
2010-10-04,AXP,68417100,14573585,Spike
2010-10-12,MA,18800000,12521900,Spike
2010-10-13,MA,19475000,12406550,Spike
2010-10-27,V,44460800,19338220,Spike
2010-11-01,MA,18490000,10538700,Spike
2010-11-29,MA,15648000,10217900,Spike
2010-11-30,AXP,15223000,9160565,Spike
2010-12-01,V,26758800,16149980,Spike
2010-12-06,V,25374800,16560540,Spike
2010-12-12,V,40988400,18993140,Spike
2010-12-14,V,45802000,20839160,Spike
2010-12-15,AXP,15388500,8764980,Spike
2010-12-15,MA,90628000,13765500,Spike
2010-12-15,V,202230800,30206700,Spike
2010-12-16,AXP,17301100,9226465,Spike
2010-12-16,MA,63476000,16410750,Spike
2010-12-16,V,167890800,37741200,Spike
2010-12-19,AXP,31617900,10433315,Spike
2010-12-19,MA,27406000,17314550,Spike
2010-12-19,V,64190800,40435140,Spike
2010-12-20,MA,32115000,18605700,Spike
2011-01-03,AXP,14066300,9169640,Spike
2011-01-18,AXP,14420900,7330180,Spike
2011-01-18,V,42852800,24021060,Spike
2011-01-19,MA,29098000,13287550,Spike
2011-01-19,V,81365200,25915900,Spike
2011-01-24,AXP,16089200,8045555,Spike
2011-02-02,MA,18662000,11037700,Spike
2011-02-16,MA,14951000,8758900,Spike
2011-03-27,MA,13286000,8754300,Spike
2011-03-29,MA,19207000,9092400,Spike
2011-03-29,V,59673200,23061960,Spike
2011-04-20,AXP,11841400,6397530,Spike
2011-05-02,MA,14846000,8440550,Spike
2011-05-05,V,29754400,16508480,Spike
2011-05-11,V,25078400,16498160,Spike
2011-05-16,MA,11190000,7439650,Spike
2011-05-25,MA,14866000,8530200,Spike
2011-06-07,MA,30792000,9885200,Spike
2011-06-07,V,80785200,22126540,Spike
2011-06-23,AXP,10193300,6738380,Spike
2011-06-23,V,39700800,26034100,Spike
2011-06-28,MA,44579000,11741650,Spike
2011-06-28,V,132109200,32430840,Spike
2011-06-29,MA,37687000,13194850,Spike
2011-06-29,V,119880400,37451540,Spike
2011-06-30,MA,24158000,14051950,Spike
2011-06-30,V,61742400,39590940,Spike
2011-07-06,MA,21592000,13671500,Spike
2011-07-20,AXP,10794600,6898850,Spike
2011-08-02,MA,51905000,12306600,Spike
2011-08-02,V,35308800,19524040,Spike
2011-08-03,AXP,13242700,6547255,Spike
2011-08-03,MA,24544000,12454200,Spike
2011-08-03,V,38827200,19039200,Spike
2011-08-04,AXP,18172400,7194470,Spike
2011-08-04,MA,23768000,13119850,Spike
2011-08-04,V,33626800,19679600,Spike
2011-08-07,AXP,21466400,8000670,Spike
2011-08-07,MA,28694000,14023500,Spike
2011-08-07,V,58529200,21319380,Spike
2011-08-08,AXP,21212600,8716015,Spike
2011-08-08,MA,26779000,14670300,Spike
2011-08-08,V,58702000,23333420,Spike
2011-08-09,AXP,16766100,9221580,Spike
2011-08-09,MA,29809000,15539900,Spike
2011-08-09,V,38429600,24312120,Spike
2011-08-10,MA,25496000,16332250,Spike
2011-09-14,MA,22126000,13626600,Spike
2011-09-15,MA,52441000,15186600,Spike
2011-09-15,V,50275200,22681100,Spike
2011-09-19,V,36064000,23063140,Spike
2011-09-21,V,35689200,23789780,Spike
2011-10-03,AXP,17890900,9011045,Spike
2011-10-26,V,41568000,19794740,Spike
2011-10-31,V,30528400,19588640,Spike
2011-11-01,MA,30756000,12212500,Spike
2011-11-29,AXP,12252500,6755435,Spike
2011-12-15,AXP,11976000,7088785,Spike
2011-12-19,V,27454400,16665680,Spike
2012-01-02,MA,14708000,8239800,Spike
2012-01-03,MA,22841000,8832800,Spike
2012-01-04,MA,14757000,9125900,Spike
2012-01-05,MA,20887000,9773550,Spike
2012-01-19,AXP,12745800,5589855,Spike
2012-01-19,MA,18952000,11408850,Spike
2012-02-01,MA,35026000,13001300,Spike
2012-02-01,V,33740400,16057520,Spike
2012-02-02,MA,22332000,13380050,Spike
2012-02-08,V,39601200,17275320,Spike
2012-02-28,AXP,10159700,6005700,Spike
2012-03-13,AXP,12001900,6049710,Spike
2012-03-15,AXP,11287500,6337185,Spike
2012-04-02,MA,11526000,7487950,Spike
2012-04-09,MA,12612000,7998450,Spike
2012-04-12,V,21497200,12757540,Spike
2012-04-26,AXP,13975100,6396110,Spike
2012-04-30,AXP,10332800,6685180,Spike
2012-04-30,MA,17580000,9249700,Spike
2012-05-01,MA,21649000,9755850,Spike
2012-05-01,V,25366800,13286800,Spike
2012-05-02,MA,15116000,10020450,Spike
2012-05-02,V,47838000,15163260,Spike
2012-05-17,V,25934800,17013200,Spike
2012-05-31,AXP,8749200,5718210,Spike
2012-06-21,V,37216000,14692320,Spike
2012-07-08,MA,11064000,6933050,Spike
2012-07-15,MA,17479000,7550100,Spike
2012-07-15,V,30607600,15217260,Spike
2012-07-18,AXP,13371100,5032790,Spike
2012-07-31,MA,21723000,9227750,Spike
2012-08-30,V,13784000,9130220,Spike
2012-09-04,AXP,6867300,4416065,Spike
2012-09-05,AXP,7405400,4559740,Spike
2012-09-05,MA,9617000,5138600,Spike
2012-09-05,V,15698400,9541640,Spike
2012-09-10,V,15890400,10125180,Spike
2012-09-12,AXP,7827700,4619190,Spike
2012-09-19,MA,11339000,6025900,Spike
2012-09-20,MA,12850000,6381200,Spike
2012-09-20,V,29225600,12835040,Spike
2012-10-02,MA,11976000,7050650,Spike
2012-10-10,MA,12626000,7147800,Spike
2012-10-17,AXP,9677100,5083235,Spike
2012-10-18,AXP,8126600,5140430,Spike
2012-10-22,AXP,8745800,5313840,Spike
2012-10-24,V,15875600,10561700,Spike
2012-10-31,V,21310000,11239500,Spike
2012-11-01,V,18498000,11578520,Spike
2012-11-26,AXP,9897200,5333040,Spike
2012-11-29,MA,9826000,6425250,Spike
2012-12-11,V,18319600,11342000,Spike
2012-12-20,AXP,11464700,5769695,Spike
2013-01-01,MA,12278000,6781900,Spike
2013-01-03,MA,11475000,7174500,Spike
2013-01-06,MA,11398000,7445550,Spike
2013-01-09,MA,12564000,7959150,Spike
2013-01-10,AXP,10492500,5704450,Spike
2013-01-17,AXP,9935600,5738245,Spike
2013-01-29,V,18708000,11036860,Spike
2013-01-30,MA,20412000,9103100,Spike
2013-01-30,V,16685600,11079820,Spike
2013-02-06,AXP,11977900,6410920,Spike
2013-02-06,V,20182800,11315140,Spike
2013-02-24,AXP,8624700,5688945,Spike
2013-03-14,AXP,10265700,5590135,Spike
2013-03-14,MA,11598000,6052050,Spike
2013-03-14,V,17599600,11460360,Spike
2013-03-18,V,17652400,11546400,Spike
2013-03-21,V,18790400,11951220,Spike
2013-03-24,V,19336800,12358900,Spike
2013-03-25,MA,9106000,5796800,Spike
2013-04-08,MA,9011000,5940200,Spike
2013-04-09,AXP,7882100,4872250,Spike
2013-04-17,AXP,10457800,5326270,Spike
2013-04-17,V,21010800,11931220,Spike
2013-04-18,AXP,8461600,5569345,Spike
2013-04-29,MA,7987000,5244000,Spike
2013-04-30,MA,10110000,5483000,Spike
2013-05-01,MA,9470000,5734900,Spike
2013-05-01,V,30677200,10110340,Spike
2013-05-19,V,21192000,13065760,Spike
2013-05-21,AXP,12449000,5010135,Spike
2013-05-22,AXP,7985100,5117685,Spike
2013-06-12,MA,8606000,5263750,Spike
2013-06-19,MA,9215000,5823900,Spike
2013-06-20,MA,12178000,6109000,Spike
2013-06-20,V,17923200,11911620,Spike
2013-07-07,V,19588000,11611860,Spike
2013-07-08,V,23330400,12089420,Spike
2013-07-16,AXP,16305300,5727230,Spike
2013-07-17,AXP,10352300,5945380,Spike
2013-07-24,V,21923200,12065980,Spike
2013-07-30,AXP,10320700,5813260,Spike
2013-07-30,MA,40090000,7177650,Spike
2013-07-30,V,90073600,15783300,Spike
2013-07-31,MA,30337000,8572800,Spike
2013-07-31,V,74287200,19271000,Spike
2013-09-02,MA,11390000,5505250,Spike
2013-09-11,MA,10857000,6030200,Spike
2013-09-19,AXP,10105500,3696310,Spike
2013-09-19,V,57707200,14229500,Spike
2013-10-14,MA,9156000,5419100,Spike
2013-10-15,AXP,6468200,4045200,Spike
2013-10-16,AXP,10366600,4363650,Spike
2013-10-17,AXP,7598200,4238285,Spike
2013-10-30,MA,10221000,5508650,Spike
2013-10-30,V,24035200,11641260,Spike
2013-12-02,V,17032800,10347280,Spike
2013-12-10,MA,25460000,5226800,Spike
2013-12-10,V,40328000,12503040,Spike
2013-12-11,MA,10075000,5488400,Spike
2013-12-16,MA,9610000,5925400,Spike
2013-12-16,V,20647200,13338380,Spike
2013-12-17,AXP,5332300,3421665,Spike
2013-12-17,MA,10444000,6290550,Spike
2013-12-19,AXP,6294500,3540920,Spike
2013-12-19,MA,13154000,7087550,Spike
2013-12-19,V,23263600,14106580,Spike
2014-01-01,AXP,5112000,3276725,Spike
2014-01-12,AXP,5641000,3506390,Spike
2014-01-12,MA,12354000,7917500,Spike
2014-01-16,AXP,14989900,4114835,Spike
2014-01-16,MA,13330000,8045200,Spike
2014-01-16,V,38344400,10923240,Spike
2014-01-20,AXP,7954600,4314750,Spike
2014-01-20,V,19752400,11241120,Spike
2014-01-26,MA,13707500,8318380,Spike
2014-01-26,V,19470800,11994420,Spike
2014-01-30,MA,23252800,9360755,Spike
2014-01-30,V,24457200,14537700,Spike
2014-03-20,AXP,6684500,3520175,Spike
2014-03-20,MA,15077700,5849195,Spike
2014-03-20,V,38092400,12193600,Spike
2014-03-30,AXP,5172400,3401155,Spike
2014-04-03,V,24449200,13160340,Spike
2014-04-06,AXP,5557600,3391330,Spike
2014-04-06,MA,9699100,6421155,Spike
2014-04-06,V,40124000,14799020,Spike
2014-04-10,MA,11610500,7066445,Spike
2014-04-10,V,29939600,17053300,Spike
2014-04-16,AXP,9244400,4049395,Spike
2014-04-24,V,38239200,18241720,Spike
2014-05-26,AXP,5093800,3178315,Spike
2014-06-05,AXP,4550800,2855085,Spike
2014-06-15,MA,5673600,3677700,Spike
2014-06-18,V,15331200,8627080,Spike
2014-06-19,AXP,5387400,3037735,Spike
2014-06-19,MA,9339300,4009750,Spike
2014-06-19,V,18358800,8701520,Spike
2014-06-22,V,14765200,8883900,Spike
2014-06-26,MA,12447500,4564915,Spike
2014-07-24,V,27530400,9965420,Spike
2014-07-27,AXP,4274000,2684175,Spike
2014-07-28,AXP,4773300,2791125,Spike
2014-07-29,AXP,5069300,2893275,Spike
2014-07-30,AXP,7561100,3191555,Spike
2014-07-30,MA,7393700,4352375,Spike
2014-07-31,AXP,12258300,3722780,Spike
2014-08-28,V,14646000,8292740,Spike
2014-09-09,V,12646800,8430120,Spike
2014-09-15,AXP,5946200,3398960,Spike
2014-09-16,MA,5549400,3522340,Spike
2014-09-17,MA,5782900,3681075,Spike
2014-09-18,AXP,7118600,3709120,Spike
2014-09-18,MA,8492600,3971205,Spike
2014-09-18,V,20475200,9622060,Spike
2014-09-29,MA,9347500,4542890,Spike
2014-10-14,AXP,9155600,4778185,Spike
2014-10-14,MA,11596100,5857850,Spike
2014-10-14,V,19668000,11390660,Spike
2014-10-15,AXP,9159300,5020660,Spike
2014-10-15,MA,9418000,6039605,Spike
2014-10-16,AXP,9175000,5123480,Spike
2014-10-29,MA,16292400,6142395,Spike
2014-10-29,V,50857600,13762520,Spike
2014-10-30,MA,11664600,6458725,Spike
2014-10-30,V,24956000,14512280,Spike
2014-12-02,AXP,5911100,3376290,Spike
2014-12-11,MA,6644500,4110990,Spike
2014-12-11,V,15325600,9611100,Spike
2014-12-15,MA,6970300,4425950,Spike
2014-12-18,AXP,7170300,4203435,Spike
2015-01-04,MA,6441400,4182630,Spike
2015-01-05,MA,7690000,4380135,Spike
2015-01-06,AXP,5665200,3719740,Spike
2015-01-13,AXP,6628400,3642710,Spike
2015-01-14,AXP,5830900,3686815,Spike
2015-01-15,AXP,6768700,3765030,Spike
2015-01-19,AXP,6364100,3855525,Spike
2015-01-19,V,14933200,9041720,Spike
2015-01-20,AXP,7185700,3856295,Spike
2015-01-21,AXP,16390100,4530260,Spike
2015-01-22,AXP,7366100,4755325,Spike
2015-01-28,V,15668400,10409980,Spike
2015-01-29,MA,13332400,5461285,Spike
2015-01-29,V,22151600,11222320,Spike
2015-02-01,MA,10576500,5764820,Spike
2015-02-03,V,22170800,12157360,Spike
2015-02-11,AXP,32653100,7779655,Spike
2015-02-12,AXP,34874400,9231830,Spike
2015-02-16,AXP,18578300,9822310,Spike
2015-02-18,AXP,20858000,10858570,Spike
2015-03-10,MA,9452300,5229010,Spike
2015-03-16,V,14290800,9514900,Spike
2015-03-17,V,50658000,11726340,Spike
2015-03-25,AXP,16181300,7028165,Spike
2015-04-16,AXP,22112500,7472655,Spike
2015-04-21,MA,12232000,4318810,Spike
2015-04-21,V,20912400,7995665,Spike
2015-04-28,MA,9364700,4545180,Spike
2015-04-29,MA,7470700,4681870,Spike
2015-04-29,V,11780600,7650315,Spike
2015-05-07,MA,9933400,5005635,Spike
2015-05-07,V,18359000,8702150,Spike
2015-06-18,AXP,13054800,5608965,Spike
2015-06-18,MA,5011200,3054820,Spike
2015-06-25,AXP,15746700,6272395,Spike
2015-06-28,V,9706700,5903645,Spike
2015-07-19,V,10198500,6064925,Spike
2015-07-20,V,10919600,6335320,Spike
2015-07-22,AXP,12256800,5844550,Spike
2015-07-22,V,10755700,6760300,Spike
2015-07-23,MA,6798800,3874415,Spike
2015-07-23,V,21196100,7584850,Spike
2015-07-26,AXP,9861400,5652725,Spike
2015-07-27,MA,6528700,4046415,Spike
2015-07-28,MA,11420600,4379925,Spike
2015-07-28,V,13746900,8112435,Spike
2015-08-06,AXP,23689600,6284075,Spike
2015-08-09,AXP,12609000,6730650,Spike
2015-08-20,MA,7992200,4221920,Spike
2015-08-20,V,15752200,7839215,Spike
2015-08-23,AXP,12873200,7277830,Spike
2015-08-23,MA,11374700,4563710,Spike
2015-08-23,V,20950600,8372055,Spike
2015-08-24,V,14485000,8593590,Spike
2015-08-25,MA,6591600,4325855,Spike
2015-09-08,MA,8118200,4929640,Spike
2015-09-17,AXP,12402900,6217830,Spike
2015-09-27,V,15261200,9443125,Spike
2015-10-21,AXP,23652600,5230700,Spike
2015-10-22,AXP,9341300,5473865,Spike
2015-11-01,V,29966000,9193100,Spike
2015-11-02,V,18899900,9848970,Spike
2015-11-03,AXP,12872700,6068185,Spike
2015-12-06,V,15262400,7821220,Spike
2015-12-07,AXP,7669100,4983375,Spike
2015-12-08,V,15361500,8226615,Spike
2015-12-10,AXP,9094300,5233080,Spike
2015-12-10,V,15625800,8595550,Spike
2015-12-17,AXP,17898900,5965760,Spike
2015-12-17,MA,6039600,3705780,Spike
2015-12-17,V,16271200,9499795,Spike
2016-01-03,AXP,9248300,5916710,Spike
2016-01-03,MA,6378700,3557880,Spike
2016-01-04,AXP,10809200,6207500,Spike
2016-01-05,AXP,9752200,6398790,Spike
2016-01-05,V,16092000,9368640,Spike
2016-01-06,AXP,11323900,6581530,Spike
2016-01-06,MA,6600000,3804620,Spike
2016-01-07,MA,5912100,3844660,Spike
2016-01-12,AXP,11291200,7073075,Spike
2016-01-13,MA,6235800,4116735,Spike
2016-01-14,MA,6459800,4215045,Spike
2016-01-14,V,18470500,9571085,Spike
2016-01-18,MA,10175200,4494745,Spike
2016-01-18,V,16009600,9993800,Spike
2016-01-19,MA,11672100,4776370,Spike
2016-01-19,V,16586000,10009540,Spike
2016-01-21,AXP,43783400,9159140,Spike
2016-01-24,AXP,18498300,9820155,Spike
2016-01-27,AXP,18015000,11482555,Spike
2016-01-27,MA,9169600,5961010,Spike
2016-01-28,MA,16410500,6688700,Spike
2016-01-28,V,40427800,13347030,Spike
2016-02-07,V,30542600,14488410,Spike
2016-03-06,V,16671900,10066955,Spike
2016-03-17,V,15026200,8777730,Spike
2016-04-19,AXP,8498700,4445790,Spike
2016-04-20,AXP,9466700,4738870,Spike
2016-04-21,MA,7176300,3844425,Spike
2016-04-21,V,18216000,8466160,Spike
2016-04-27,MA,6261400,3990575,Spike
2016-05-16,AXP,7977600,5075590,Spike
2016-06-07,MA,4365200,2799290,Spike
2016-06-12,V,10424600,6764335,Spike
2016-06-13,AXP,12323200,4814390,Spike
2016-06-13,MA,5338200,2906450,Spike
2016-06-15,MA,4976200,3059895,Spike
2016-06-16,MA,6941700,3293535,Spike
2016-06-16,V,14602200,7362345,Spike
2016-06-22,V,13566200,8196645,Spike
2016-06-23,AXP,10798700,5016970,Spike
2016-06-23,MA,8356800,3884815,Spike
2016-06-23,V,18375000,8901195,Spike
2016-06-26,MA,7444800,4120840,Spike
2016-06-26,V,16318400,9498385,Spike
2016-06-27,AXP,8294300,5349410,Spike
2016-06-27,V,14815200,9807165,Spike
2016-06-29,MA,12706800,4728175,Spike
2016-06-29,V,24877300,11153210,Spike
2016-06-30,MA,8342100,5004540,Spike
2016-07-05,MA,9412800,5601250,Spike
2016-07-19,AXP,8315800,5465800,Spike
2016-07-20,AXP,9498600,5767590,Spike
2016-08-31,MA,4198100,2758010,Spike
2016-09-07,MA,4605400,3048425,Spike
2016-09-08,MA,5458500,3172795,Spike
2016-09-08,V,11563000,7003995,Spike
2016-09-15,AXP,10475800,4426080,Spike
2016-09-25,AXP,6946600,4618505,Spike
2016-10-05,AXP,7975900,4767385,Spike
2016-10-17,V,11680400,7485685,Spike
2016-10-18,AXP,7888500,4366715,Spike
2016-10-19,AXP,25870700,5499565,Spike
2016-10-20,AXP,8561200,5673430,Spike
2016-10-23,V,16267000,7925195,Spike
2016-10-24,V,15085900,8281015,Spike
2016-10-27,MA,9282800,3684050,Spike
2016-10-30,MA,5820000,3790215,Spike
2016-10-31,MA,7076500,3999945,Spike
2016-11-08,AXP,9319100,5820835,Spike
2016-11-09,AXP,9418700,6080745,Spike
2016-11-09,MA,6584300,4111405,Spike
2016-11-09,V,17171600,9866460,Spike
2016-11-13,MA,7106800,4368975,Spike
2016-11-13,V,21773500,10564945,Spike
2016-11-14,V,18523400,10907095,Spike
2016-11-21,V,18133900,10821800,Spike
2016-11-29,MA,6889200,4119030,Spike
2016-11-30,V,21053000,11786295,Spike
2016-12-13,V,20146200,12592350,Spike
2016-12-15,AXP,8200600,4179105,Spike
2017-01-02,AXP,5853900,3727240,Spike
2017-01-09,AXP,9561400,4023805,Spike
2017-01-12,MA,4661900,3081595,Spike
2017-01-16,AXP,6450300,4145620,Spike
2017-01-18,AXP,8111400,4286750,Spike
2017-01-19,AXP,8465900,4547800,Spike
2017-01-30,MA,6470200,3419975,Spike
2017-01-31,MA,6149100,3491865,Spike
2017-02-02,MA,7132600,3726035,Spike
2017-02-02,V,28079600,8816870,Spike
2017-03-09,V,12246700,7653195,Spike
2017-03-16,AXP,6672600,3970915,Spike
2017-03-20,AXP,6804000,4156300,Spike
2017-04-19,AXP,11099300,3974050,Spike
2017-04-19,V,12178300,6938420,Spike
2017-04-20,MA,4067400,2510240,Spike
2017-04-20,V,19442600,7525015,Spike
2017-04-23,V,11705400,7730405,Spike
2017-05-01,MA,6802600,2865590,Spike
2017-05-17,MA,5088400,3247595,Spike
2017-05-30,MA,4708500,3130195,Spike
2017-06-04,V,14510500,7522285,Spike
2017-06-08,V,16887100,8290540,Spike
2017-06-11,MA,6574200,3646515,Spike
2017-06-11,V,15610000,8776100,Spike
2017-06-15,AXP,5914700,3239740,Spike
2017-06-15,V,14705100,9452530,Spike
2017-07-18,AXP,5539700,3227225,Spike
2017-07-19,AXP,5386400,3362375,Spike
2017-07-20,V,17400200,7865625,Spike
2017-07-23,AXP,5389100,3505480,Spike
2017-07-26,AXP,6119300,3668380,Spike
2017-07-26,MA,4914500,3179140,Spike
2017-07-27,MA,5257900,3234665,Spike
2017-08-15,V,13408300,7731085,Spike
2017-08-30,MA,4374700,2382155,Spike
2017-08-30,V,13766000,6710055,Spike
2017-09-06,MA,7269000,2804545,Spike
2017-09-07,MA,4451300,2897590,Spike
2017-09-10,MA,5457600,3046255,Spike
2017-09-14,AXP,7791600,3014400,Spike
2017-09-14,MA,6152500,3451160,Spike
2017-09-14,V,12622900,6616050,Spike
2017-10-17,AXP,4720200,2990765,Spike
2017-10-18,AXP,6512100,3172480,Spike
2017-10-18,V,10840200,5956095,Spike
2017-10-23,V,10511200,6159020,Spike
2017-10-24,V,13261300,6405215,Spike
2017-10-29,MA,6555700,3146890,Spike
2017-10-30,MA,7613700,3401850,Spike
2017-11-28,AXP,4325500,2794980,Spike
2017-11-28,MA,7217000,3164380,Spike
2017-11-28,V,14505400,5932170,Spike
2017-11-29,AXP,5328300,2945395,Spike
2017-11-29,MA,6943700,3284980,Spike
2017-11-29,V,18533300,6550470,Spike
2017-11-30,V,13101800,6930230,Spike
2017-12-03,MA,7490100,3545020,Spike
2017-12-03,V,18909100,7687805,Spike
2017-12-04,MA,6807100,3728230,Spike
2017-12-14,AXP,7891800,3565175,Spike
2017-12-14,V,16388000,9638780,Spike
2018-01-15,MA,4673400,2814705,Spike
2018-01-16,AXP,4469700,2755290,Spike
2018-01-17,AXP,5290700,2845555,Spike
2018-01-17,MA,4150600,2749095,Spike
2018-01-18,AXP,12306000,3296725,Spike
2018-01-30,MA,5815300,3262165,Spike
2018-01-31,MA,6848400,3417965,Spike
2018-02-01,MA,6556500,3583430,Spike
2018-02-01,V,13937700,7783575,Spike
2018-02-04,AXP,6421900,4227125,Spike
2018-02-04,MA,7196000,3805845,Spike
2018-02-04,V,16623900,8185245,Spike
2018-02-05,AXP,7244000,4494500,Spike
2018-02-05,MA,7259900,4011685,Spike
2018-02-05,V,19053300,8804875,Spike
2018-02-07,MA,6557700,4308270,Spike
2018-02-08,AXP,8017600,4975810,Spike
2018-02-08,V,17695500,9786280,Spike
2018-03-18,V,17387800,7658625,Spike
2018-04-18,AXP,11716900,4214635,Spike
2018-04-25,V,14345800,8140285,Spike
2018-05-01,MA,10133100,4260085,Spike
2018-05-28,AXP,4377800,2771555,Spike
2018-05-28,V,10401900,6292245,Spike
2018-05-29,V,10631300,6503445,Spike
2018-05-30,V,11086000,6631980,Spike
2018-06-06,AXP,4245700,2745425,Spike
2018-06-14,AXP,6741200,3076025,Spike
2018-06-21,AXP,7235400,3531830,Spike
2018-06-24,AXP,7996700,3839125,Spike
2018-07-11,V,11816100,7568170,Spike
2018-07-18,AXP,7171100,4229470,Spike
2018-07-24,MA,4967900,2918035,Spike
2018-07-25,MA,7279900,3120380,Spike
2018-07-26,MA,4913000,3234975,Spike
2018-07-29,MA,5939300,3381595,Spike
2018-07-29,V,12812400,7693215,Spike
2018-09-04,AXP,5511800,2492715,Spike
2018-09-04,V,11363400,6148670,Spike
2018-09-05,V,9589200,6358655,Spike
2018-09-06,V,13626200,6756000,Spike
2018-09-11,AXP,4103100,2667900,Spike
2018-09-20,AXP,5662900,2932095,Spike
2018-09-20,MA,7177800,3208435,Spike
2018-09-20,V,15628100,7771190,Spike
2018-10-03,MA,5664900,3215520,Spike
2018-10-07,MA,5611000,3378245,Spike
2018-10-07,V,11637300,7661115,Spike
2018-10-08,MA,5659400,3524790,Spike
2018-10-09,AXP,4555600,2874505,Spike
2018-10-09,MA,8455000,3832975,Spike
2018-10-09,V,15450100,8130520,Spike
2018-10-10,AXP,6069300,3006490,Spike
2018-10-10,MA,9185200,4097335,Spike
2018-10-10,V,15657200,8623210,Spike
2018-10-11,AXP,4855900,3099295,Spike
2018-10-18,AXP,5726300,3325750,Spike
2018-10-29,MA,9239200,5636195,Spike
2018-11-06,V,20502100,11957105,Spike
2018-11-19,MA,7892900,4727585,Spike
2018-11-25,MA,6917200,4606995,Spike
2018-11-29,MA,7944700,4386305,Spike
2018-12-05,AXP,7455200,3780760,Spike
2018-12-05,V,16391900,10316605,Spike
2018-12-09,V,15744300,10482730,Spike
2018-12-16,AXP,7345500,4087470,Spike
2018-12-19,AXP,7110500,4492495,Spike
2018-12-19,V,18091700,11418350,Spike
2018-12-20,AXP,11005300,4903210,Spike
2018-12-20,MA,8374300,5528970,Spike
2018-12-20,V,25448600,12319965,Spike
2019-01-17,AXP,9872500,4825040,Spike
2019-01-30,MA,11316200,4306125,Spike
2019-01-30,V,20095700,9220680,Spike
2019-03-14,V,20162000,8698940,Spike
2019-03-25,V,15594400,9103065,Spike
2019-03-27,V,16902200,9761795,Spike
2019-04-17,AXP,6186800,3571230,Spike
2019-04-28,V,10003600,6502655,Spike
2019-04-29,MA,7179600,3096000,Spike
2019-04-30,MA,5146000,3183980,Spike
2019-05-05,V,10442400,6621285,Spike
2019-05-06,AXP,6282300,3195485,Spike
2019-05-16,AXP,5273600,3347485,Spike
2019-05-27,MA,6252100,4016830,Spike
2019-06-05,V,13738500,7279305,Spike
2019-06-19,V,11474100,7349355,Spike
2019-06-20,AXP,5703800,2825985,Spike
2019-06-20,V,11728200,7628865,Spike
2019-06-27,AXP,4338900,2856915,Spike
2019-07-18,AXP,7819000,3280070,Spike
2019-07-30,MA,5513100,2847155,Spike
2019-07-31,MA,4988100,3001720,Spike
2019-08-04,AXP,5876200,3395200,Spike
2019-08-04,MA,6861300,3324050,Spike
2019-08-04,V,16858300,6614135,Spike
2019-08-13,AXP,5626300,3726460,Spike
2019-09-04,AXP,5261100,3216330,Spike
2019-09-08,AXP,5336000,3455030,Spike
2019-09-08,MA,4795900,2997575,Spike
2019-09-09,AXP,6196100,3618935,Spike
2019-09-09,MA,8683800,3265635,Spike
2019-09-09,V,15255200,6304935,Spike
2019-09-10,MA,6342300,3387760,Spike
2019-09-11,MA,5497900,3475140,Spike
2019-09-19,V,12820400,7008210,Spike
2019-09-29,V,16464000,8546490,Spike
2019-10-17,AXP,6188500,3256645,Spike
2019-10-21,MA,5619500,3178680,Spike
2019-10-22,MA,5367000,3242850,Spike
2019-10-30,MA,5356000,3410075,Spike
2019-11-25,AXP,4596200,2342485,Spike
2019-11-25,MA,5712800,3342990,Spike
2019-11-26,V,11452700,6888630,Spike
2019-12-01,AXP,5538200,2508535,Spike
2019-12-03,V,10650400,6727765,Spike
2019-12-05,V,14526700,6975045,Spike
2019-12-19,AXP,5828700,3241615,Spike
2019-12-19,MA,5099400,3041490,Spike
2020-01-12,V,11290500,7030755,Spike
2020-01-13,MA,4951400,3042975,Spike
2020-01-14,MA,4664200,3065650,Spike
2020-01-14,V,10831100,7043735,Spike
2020-01-16,MA,4821000,3160005,Spike
2020-01-16,V,12518900,7210005,Spike
2020-01-20,MA,5998600,3333090,Spike
2020-01-20,V,14861700,7660380,Spike
2020-01-23,AXP,8612500,3054275,Spike
2020-01-26,AXP,6432400,3301565,Spike
2020-01-30,V,16699600,8764840,Spike
2020-02-23,AXP,6329300,2977840,Spike
2020-02-23,MA,7816000,3942345,Spike
2020-02-23,V,13316800,8685740,Spike
2020-02-24,AXP,7628100,3037625,Spike
2020-02-24,MA,12715700,4359755,Spike
2020-02-24,V,18539000,9252745,Spike
2020-02-25,AXP,5268000,3115390,Spike
2020-02-25,MA,9403300,4655610,Spike
2020-02-26,AXP,8279800,3403460,Spike
2020-02-26,MA,13814600,5126870,Spike
2020-02-26,V,17536600,10127440,Spike
2020-02-27,AXP,11362100,3850140,Spike
2020-02-27,MA,12846000,5593565,Spike
2020-02-27,V,22659000,10831795,Spike
2020-03-01,AXP,9851600,4166590,Spike
2020-03-01,MA,9688100,5798630,Spike
2020-03-01,V,17434500,10868540,Spike
2020-03-02,AXP,9285000,4494745,Spike
2020-03-03,AXP,7470900,4740915,Spike
2020-03-04,AXP,12060600,5139720,Spike
2020-03-05,AXP,9897700,5549175,Spike
2020-03-08,AXP,12266300,6018210,Spike
2020-03-08,V,20486400,12335315,Spike
2020-03-09,AXP,9793200,6417045,Spike
2020-03-11,AXP,12206600,7296085,Spike
2020-03-11,MA,15031500,7808870,Spike
2020-03-11,V,27467700,14053220,Spike
2020-03-12,AXP,12680400,7771190,Spike
2020-03-15,AXP,15072400,8406795,Spike
2020-03-15,V,23692000,15433060,Spike
2020-03-17,AXP,14359300,9439710,Spike
2020-03-22,V,30344100,18874325,Spike
2020-05-12,AXP,10681600,6476720,Spike
2020-05-13,AXP,10625100,6631645,Spike
2020-05-26,AXP,11007700,6396615,Spike
2020-06-25,AXP,10489400,6324270,Spike
2020-07-30,V,14180800,7809935,Spike
2020-08-16,AXP,7488500,3852920,Spike
2020-09-02,AXP,6747900,3983225,Spike
2020-09-02,MA,6297400,3502325,Spike
2020-09-03,MA,6571200,3647760,Spike
2020-09-03,V,13243600,8000390,Spike
2020-09-07,V,14186900,8433465,Spike
2020-09-15,AXP,5798900,3821505,Spike
2020-09-17,AXP,6630300,4004680,Spike
2020-09-20,AXP,8339900,4279420,Spike
2020-09-22,AXP,9427200,4640615,Spike
2020-10-22,AXP,8921200,3518415,Spike
2020-10-25,AXP,5731500,3608445,Spike
2020-10-25,MA,5173300,2846635,Spike
2020-10-25,V,12608700,6663130,Spike
2020-10-27,AXP,7037800,3736285,Spike
2020-10-27,MA,11518200,3340055,Spike
2020-10-27,V,17809500,7254570,Spike
2020-10-28,MA,9582300,3693990,Spike
2020-10-28,V,16820900,7733885,Spike
2020-10-29,MA,6892800,3929400,Spike
2020-11-08,AXP,17261700,4767275,Spike
2020-11-08,MA,10933700,4726145,Spike
2020-11-08,V,17916900,8899095,Spike
2020-12-17,AXP,8394100,4095020,Spike
2020-12-17,MA,8443700,3508695,Spike
2020-12-17,V,13298200,8545135,Spike
2021-01-05,AXP,5861500,3421865,Spike
2021-01-06,AXP,8696600,3675545,Spike
2021-01-13,MA,8712200,3809915,Spike
2021-01-13,V,12887500,7851320,Spike
2021-01-14,MA,7911500,4035825,Spike
2021-01-18,AXP,5818500,3666870,Spike
2021-01-19,V,12675700,8045465,Spike
2021-01-24,AXP,6156700,3545705,Spike
2021-01-24,V,19282400,8626270,Spike
2021-01-25,AXP,8932500,3956980,Spike
2021-01-26,MA,7449400,4511550,Spike
2021-01-28,MA,7627200,4887065,Spike
2021-01-28,V,21503000,10214740,Spike
2021-02-23,MA,7467400,4628740,Spike
2021-03-07,MA,7213300,4328745,Spike
2021-03-07,V,14750400,9355400,Spike
2021-03-08,AXP,5806100,3660635,Spike
2021-03-17,MA,7205200,4780795,Spike
2021-03-18,MA,12224300,5187220,Spike
2021-03-18,V,32209700,10521780,Spike
2021-04-22,AXP,6395300,2696655,Spike
2021-04-25,AXP,4821100,2803335,Spike
2021-04-28,MA,4637100,2959675,Spike
2021-05-26,MA,5416300,3333210,Spike
2021-06-15,V,8905400,5934795,Spike
2021-06-17,AXP,6900200,3117660,Spike
2021-06-17,MA,5009400,3185545,Spike
2021-06-17,V,8840000,5881105,Spike
2021-06-24,AXP,9186000,3411885,Spike
2021-06-27,MA,4800300,3154170,Spike
2021-06-28,V,11897700,6938010,Spike
2021-07-12,MA,5161000,3354185,Spike
2021-07-18,AXP,6739800,3678300,Spike
2021-07-18,MA,6814400,3452015,Spike
2021-07-18,V,11474600,7630210,Spike
2021-07-22,AXP,6326600,3986650,Spike
2021-07-26,AXP,7922600,3907605,Spike
2021-07-27,AXP,7961700,4166395,Spike
2021-08-02,MA,6328500,3598915,Spike
2021-08-16,AXP,7631600,4146140,Spike
2021-08-30,MA,6780400,3278045,Spike
2021-09-01,MA,7412000,3585345,Spike
2021-09-01,V,19708800,7150765,Spike
2021-09-02,V,11532000,7501880,Spike
2021-09-16,AXP,6390600,3354410,Spike
2021-09-16,V,13787400,8113590,Spike
2021-09-19,AXP,5976900,3499505,Spike
2021-10-03,MA,7901500,4131440,Spike
2021-10-12,AXP,5608100,3644385,Spike
2021-10-21,AXP,6026100,3274990,Spike
2021-10-26,MA,9652700,3941690,Spike
2021-10-26,V,22958100,6991625,Spike
2021-10-27,MA,9505100,4197280,Spike
2021-10-27,V,23199400,7795170,Spike
2021-10-28,V,14329800,8115390,Spike
2021-10-31,V,13210300,8261735,Spike
2021-11-01,V,14688700,8705470,Spike
2021-11-04,MA,7201500,4457675,Spike
2021-11-16,MA,11727300,5378410,Spike
2021-11-16,V,38379600,13052020,Spike
2021-11-21,MA,11378200,6234815,Spike
2021-11-22,AXP,5890300,3510990,Spike
2021-11-25,AXP,6804200,3621950,Spike
2021-11-28,AXP,6258500,3762105,Spike
2021-11-29,AXP,7444900,4021830,Spike
2021-11-29,MA,10237600,6399640,Spike
2021-12-16,AXP,9576800,4992755,Spike
2022-01-03,MA,6854500,3823250,Spike
2022-01-04,MA,5976600,3875105,Spike
2022-01-09,V,11978600,7812980,Spike
2022-01-13,AXP,6508500,3556610,Spike
2022-01-20,V,16200200,8039820,Spike
2022-01-23,AXP,5405000,3464660,Spike
2022-01-23,MA,7472800,4358710,Spike
2022-01-23,V,16054000,8602610,Spike
2022-01-24,AXP,13320800,4046335,Spike
2022-01-24,MA,6994400,4574575,Spike
2022-01-25,AXP,8257300,4357435,Spike
2022-01-25,MA,7438600,4850500,Spike
2022-01-26,MA,8416100,5194545,Spike
2022-01-27,MA,8813400,5557315,Spike
2022-01-27,V,26425300,10864815,Spike
2022-02-28,AXP,8562500,4336310,Spike
2022-03-06,AXP,7760400,4673230,Spike
2022-03-17,AXP,8744100,5173600,Spike
2022-03-17,V,14620800,9349535,Spike
2022-04-26,MA,5702300,3199210,Spike
2022-04-26,V,15955800,7551660,Spike
2022-04-27,MA,6843300,3410665,Spike
2022-05-08,MA,5777400,3681805,Spike
2022-05-11,AXP,5314800,3392165,Spike
2022-06-12,AXP,4156500,2663945,Spike
2022-06-12,MA,4825100,2937625,Spike
2022-06-15,AXP,4815100,2827975,Spike
2022-06-15,MA,4528500,2952060,Spike
2022-06-16,AXP,10033600,3191240,Spike
2022-06-16,MA,6235300,3044790,Spike
2022-06-16,V,15089300,6906705,Spike
2022-06-23,AXP,8957200,3536345,Spike
2022-07-21,AXP,9298400,4128885,Spike
2022-07-26,MA,4580300,2615185,Spike
2022-07-26,V,17432200,5820830,Spike
2022-08-01,V,9939400,6415470,Spike
2022-09-07,AXP,3399200,2220855,Spike
2022-09-08,AXP,3543500,2299620,Spike
2022-09-11,AXP,4146300,2409805,Spike
2022-09-15,AXP,6527200,2826215,Spike
2022-09-15,MA,3650900,2316675,Spike
2022-09-15,V,9398200,4938470,Spike
2022-09-18,V,8133600,5136210,Spike
2022-09-22,V,10755800,5734615,Spike
2022-09-25,V,9914600,5977335,Spike
2022-09-26,MA,4073300,2649825,Spike
2022-09-26,V,9799600,6243505,Spike
2022-09-27,AXP,5269500,3181365,Spike
2022-09-27,MA,5611400,2799450,Spike
2022-10-02,MA,5285200,3047955,Spike
2022-10-12,AXP,5232300,3144620,Spike
2022-10-16,V,13952100,7748450,Spike
2022-10-20,AXP,11755400,3656750,Spike
2022-10-24,V,11907200,7426385,Spike
2022-10-25,MA,5278000,3220440,Spike
2022-10-25,V,15450000,7711335,Spike
2022-11-29,MA,4252300,2634240,Spike
2022-11-29,V,13918100,7597390,Spike
2022-12-12,V,14585000,7558835,Spike
2022-12-14,AXP,4282200,2560130,Spike
2022-12-15,AXP,4510600,2647180,Spike
2022-12-15,MA,5947100,2590320,Spike
2022-12-15,V,12472900,8132805,Spike
2023-01-05,MA,4432800,2547205,Spike
2023-01-09,V,10857000,6384500,Spike
2023-01-18,AXP,3852300,2527055,Spike
2023-01-26,AXP,13997300,3468535,Spike
2023-01-26,V,11382600,5924105,Spike
2023-01-29,AXP,10240700,3892645,Spike
2023-01-30,V,11294200,6380940,Spike
2023-02-01,AXP,6895500,4300735,Spike
2023-03-08,AXP,4349400,2514410,Spike
2023-03-09,AXP,5104300,2591730,Spike
2023-03-12,AXP,6123200,2768580,Spike
2023-03-13,AXP,5284000,2877660,Spike
2023-03-13,V,7985600,5315915,Spike
2023-03-14,AXP,6100800,3066405,Spike
2023-03-14,V,8372200,5493055,Spike
2023-03-15,V,13674600,5956420,Spike
2023-03-16,AXP,7447200,3505615,Spike
2023-03-16,MA,8426800,2841405,Spike
2023-03-16,V,18801200,6703185,Spike
2023-04-19,AXP,10832400,3456235,Spike
2023-04-23,V,9124100,5966595,Spike
2023-04-26,MA,3859900,2496140,Spike
2023-04-27,V,11627900,6453435,Spike
2023-05-01,AXP,4925600,3246555,Spike
2023-05-22,MA,3979000,2588115,Spike
2023-05-22,V,8537200,5470170,Spike
2023-05-30,AXP,5588500,2934245,Spike
2023-05-30,MA,10695300,3060085,Spike
2023-05-30,V,20460600,5921705,Spike
2023-06-01,AXP,4819800,3046935,Spike
2023-06-14,V,12534000,7633065,Spike
2023-06-15,MA,5886900,3396500,Spike
2023-06-15,V,13628500,7983395,Spike
2023-06-29,MA,4406800,2928170,Spike
2023-07-19,AXP,3940700,2592265,Spike
2023-07-20,AXP,9098400,2909390,Spike
2023-07-23,AXP,4979900,2947665,Spike
2023-07-27,MA,4501000,2579595,Spike
2023-08-30,AXP,3653900,2377925,Spike
2023-09-04,AXP,4151000,2481090,Spike
2023-09-13,MA,3557700,2170700,Spike
2023-09-13,V,12000000,4569435,Spike
2023-09-14,AXP,7269500,2894825,Spike
2023-09-14,MA,4753800,2302460,Spike
2023-09-14,V,13051300,5013120,Spike
2023-10-17,V,9528300,5720275,Spike
2023-10-18,AXP,4642200,3008760,Spike
2023-10-19,AXP,8261000,3302780,Spike
2023-10-22,AXP,5313500,3446735,Spike
2023-10-24,V,10365300,5871190,Spike
2023-10-25,MA,6920100,2637230,Spike
2023-11-13,V,14092000,6174235,Spike
2023-11-14,V,13258900,6360765,Spike
2023-11-29,AXP,4253100,2561560,Spike
2023-12-04,AXP,6452500,2823115,Spike
2023-12-13,MA,3989700,2583845,Spike
2023-12-14,AXP,7139200,3360505,Spike
2023-12-14,MA,5566600,2709145,Spike
2023-12-14,V,13373600,5817585,Spike
2023-12-18,V,8731200,5764080,Spike
2024-01-25,AXP,13555400,3358475,Spike
2024-01-25,V,8586500,5411795,Spike
2024-01-30,MA,4740500,2589740,Spike
2024-02-19,MA,5044200,2664045,Spike
2024-02-28,AXP,5186500,3256220,Spike
2024-03-11,V,7988700,5207335,Spike
2024-03-14,AXP,5266600,2907750,Spike
2024-03-14,MA,4179300,2446720,Spike
2024-03-14,V,9845000,5535650,Spike
2024-03-21,V,8743000,5677155,Spike
2024-04-14,V,10267500,6469155,Spike
2024-04-15,AXP,4176700,2515970,Spike
2024-04-18,AXP,7572300,2822950,Spike
2024-04-21,AXP,5151300,2966310,Spike
2024-04-22,AXP,4684500,3094560,Spike
2024-04-23,MA,4043100,2338060,Spike
2024-04-30,MA,4979100,2441370,Spike
2024-05-01,MA,3866500,2507065,Spike
2024-05-12,V,10528400,7011390,Spike
2024-05-13,V,18526100,7525840,Spike
2024-05-14,V,21288400,8293215,Spike
2024-05-30,AXP,5102500,2547205,Spike
2024-05-30,MA,3917100,2334995,Spike
2024-06-16,V,9258200,6005890,Spike
2024-06-19,V,10164400,6247530,Spike
2024-06-20,AXP,5064300,2883110,Spike
2024-06-20,MA,5062400,2471850,Spike
2024-06-20,V,14790200,6776915,Spike
2024-06-23,V,24149600,7678600,Spike
2024-06-24,V,19897700,8456500,Spike
2024-06-27,MA,4105000,2672480,Spike
2024-07-09,MA,4760900,2822245,Spike
2024-07-18,AXP,5750400,2910155,Spike
2024-07-23,V,13065900,8264735,Spike
2024-07-30,MA,4313600,2736960,Spike
2024-08-01,AXP,6902600,3061845,Spike
2024-08-04,AXP,4890700,3174450,Spike
2024-08-04,MA,4496700,2920915,Spike
2024-08-05,V,21586800,8238985,Spike
2024-08-06,V,12908600,8402640,Spike
2024-08-11,V,26769400,9399870,Spike
